Municipality,2017,2018,2019,2020,2021,2022,2023
3101 Halden,.,.,.,.,.,.,.
3103 Moss,.,.,.,.,.,.,.
3105 Sarpsborg,.,.,.,.,.,.,.
3107 Fredrikstad,.,.,.,.,.,.,.
3110 Hvaler,.,.,.,.,.,.,.
3112 Råde,.,.,.,.,.,.,.
3114 Våler (Østfold),.,.,.,.,.,.,.
3116 Skiptvet,.,.,.,.,.,.,.
3118 Indre Østfold,.,.,.,.,.,.,.
3120 Rakkestad,.,.,.,.,.,.,.
3122 Marker,.,.,.,.,.,.,.
3124 Aremark,.,.,.,.,.,.,.
3201 Bærum,.,.,.,.,.,.,.
3203 Asker,.,.,.,.,.,.,.
3205 Lillestrøm,.,.,.,.,.,.,.
3207 Nordre Follo,.,.,.,.,.,.,.
3209 Ullensaker,.,.,.,.,.,.,.
3212 Nesodden,.,.,.,.,.,.,.
3214 Frogn,.,.,.,.,.,.,.
3216 Vestby,.,.,.,.,.,.,.
3218 Ås,.,.,.,.,.,.,.
3220 Enebakk,.,.,.,.,.,.,.
3222 Lørenskog,.,.,.,.,.,.,.
3224 Rælingen,.,.,.,.,.,.,.
3226 Aurskog-Høland,.,.,.,.,.,.,.
3228 Nes,.,.,.,.,.,.,.
3230 Gjerdrum,.,.,.,.,.,.,.
3232 Nittedal,.,.,.,.,.,.,.
3234 Lunner,.,.,.,.,.,.,.
3236 Jevnaker,.,.,.,.,.,.,.
3238 Nannestad,.,.,.,.,.,.,.
3240 Eidsvoll,.,.,.,.,.,.,.
3242 Hurdal,.,.,.,.,.,.,.
3001 Halden (2020-2023),.,.,.,1.8,3.1,1.7,-1.2
3002 Moss (2020-2023),.,.,.,2.4,4.6,4.7,-1.6
3003 Sarpsborg (2020-2023),.,.,.,1.5,2.4,1.5,0.5
3004 Fredrikstad (2020-2023),.,.,.,0.0,0.7,0.9,-0.1
3005 Drammen (2020-2023),.,.,.,4.2,3.7,3.7,0.7
3006 Kongsberg (2020-2023),.,.,.,1.1,0.3,1.9,-0.3
3007 Ringerike (2020-2023),.,.,.,1.3,1.4,0.0,-0.3
3011 Hvaler (2020-2023),.,.,.,-2.2,2.5,-0.3,-4.4
3012 Aremark (2020-2023),.,.,.,5.6,6.3,2.8,2.0
3013 Marker (2020-2023),.,.,.,4.8,6.0,-1.9,1.1
3014 Indre Østfold (2020-2023),.,.,.,4.8,5.3,2.2,1.3
3015 Skiptvet (2020-2023),.,.,.,3.2,3.0,-4.5,-2.7
3016 Rakkestad (2020-2023),.,.,.,0.7,0.4,-0.7,-2.9
3017 Råde (2020-2023),.,.,.,2.4,2.9,4.1,4.9
3018 Våler (Viken) (2020-2023),.,.,.,-2.6,3.1,3.8,0.6
3019 Vestby (2020-2023),.,.,.,2.4,6.6,5.1,0.1
3020 Nordre Follo (2020-2023),.,.,.,1.2,4.1,3.0,2.5
3021 Ås (2020-2023),.,.,.,0.6,6.3,2.6,-1.4
3022 Frogn (2020-2023),.,.,.,-2.3,4.2,1.1,-1.9
3023 Nesodden (2020-2023),.,.,.,2.3,5.1,4.1,2.6
3024 Bærum (2020-2023),.,.,.,6.0,7.3,3.4,3.7
3025 Asker (2020-2023),.,.,.,3.9,4.4,-0.7,3.2
3026 Aurskog-Høland (2020-2023),.,.,.,5.2,7.2,5.3,1.2
3027 Rælingen (2020-2023),.,.,.,2.5,5.3,1.9,-1.5
3028 Enebakk (2020-2023),.,.,.,1.1,4.5,0.3,-0.3
3029 Lørenskog (2020-2023),.,.,.,2.7,5.1,0.0,0.0
3030 Lillestrøm (2020-2023),.,.,.,5.0,5.4,4.5,1.0
3031 Nittedal (2020-2023),.,.,.,4.3,4.5,3.4,0.0
3032 Gjerdrum (2020-2023),.,.,.,2.5,16.9,5.7,-1.6
3033 Ullensaker (2020-2023),.,.,.,1.7,3.3,4.6,-0.4
3034 Nes (2020-2023),.,.,.,4.9,7.7,5.4,2.1
3035 Eidsvoll (2020-2023),.,.,.,1.4,2.1,-0.5,-0.2
3036 Nannestad (2020-2023),.,.,.,4.1,7.4,3.7,0.2
3037 Hurdal (2020-2023),.,.,.,3.6,6.5,3.8,1.6
3038 Hole (2020-2023),.,.,.,4.5,3.0,1.2,-3.7
3039 Flå (2020-2023),.,.,.,4.0,6.9,0.3,0.0
3040 Nesbyen (2020-2023),.,.,.,-1.1,4.2,1.7,-3.1
3041 Gol (2020-2023),.,.,.,2.4,0.3,0.6,3.4
3042 Hemsedal (2020-2023),.,.,.,8.1,12.1,8.8,8.5
3043 Ål (2020-2023),.,.,.,0.4,1.6,9.0,21.6
3044 Hol (2020-2023),.,.,.,1.0,9.4,6.1,1.6
3045 Sigdal (2020-2023),.,.,.,3.6,6.5,6.0,3.1
3046 Krødsherad (2020-2023),.,.,.,8.4,8.4,11.3,8.9
3047 Modum (2020-2023),.,.,.,1.5,3.3,4.6,2.8
3048 Øvre Eiker (2020-2023),.,.,.,0.2,2.5,1.9,-1.5
3049 Lier (2020-2023),.,.,.,5.3,5.9,1.2,0.1
3050 Flesberg (2020-2023),.,.,.,-3.2,1.3,1.3,-10.1
3051 Rollag (2020-2023),.,.,.,5.6,2.8,1.0,0.4
3052 Nore og Uvdal (2020-2023),.,.,.,1.3,6.4,2.1,6.5
3053 Jevnaker (2020-2023),.,.,.,2.9,7.6,6.0,3.3
3054 Lunner (2020-2023),.,.,.,2.7,5.3,2.5,-3.7
0101 Halden (-2019),6.2,3.7,1.8,.,.,.,.
0104 Moss (-2019),4.1,1.7,-0.3,.,.,.,.
0105 Sarpsborg (-2019),2.4,1.5,1.5,.,.,.,.
0106 Fredrikstad (-2019),2.6,0.4,0.8,.,.,.,.
0111 Hvaler (-2019),3.9,2.4,-3.8,.,.,.,.
0118 Aremark (-2019),-0.7,4.0,0.4,.,.,.,.
0119 Marker (-2019),6.5,2.9,4.6,.,.,.,.
0121 Rømskog (-2019),2.4,-7.5,-0.5,.,.,.,.
0122 Trøgstad (-2019),3.4,-1.6,-5.5,.,.,.,.
0123 Spydeberg (-2019),1.5,-1.2,-5.1,.,.,.,.
0124 Askim (-2019),3.1,2.1,0.0,.,.,.,.
0125 Eidsberg (-2019),3.5,0.8,-1.5,.,.,.,.
0127 Skiptvet (-2019),2.9,1.2,3.6,.,.,.,.
0128 Rakkestad (-2019),3.0,3.5,2.7,.,.,.,.
0135 Råde (-2019),0.1,1.8,1.2,.,.,.,.
0136 Rygge (-2019),1.6,0.6,-1.1,.,.,.,.
0137 Våler (Østfold) (-2019),4.8,-0.1,-1.8,.,.,.,.
0138 Hobøl (-2019),17.3,-0.7,-9.5,.,.,.,.
0211 Vestby (-2019),4.7,5.5,3.7,.,.,.,.
0213 Ski (-2019),1.1,1.0,-1.9,.,.,.,.
0214 Ås (-2019),2.1,1.2,-2.1,.,.,.,.
0215 Frogn (-2019),2.7,0.5,-2.5,.,.,.,.
0216 Nesodden (-2019),2.0,3.2,2.3,.,.,.,.
0217 Oppegård (-2019),4.1,1.0,2.2,.,.,.,.
0219 Bærum (-2019),9.4,5.3,7.3,.,.,.,.
0220 Asker (-2019),8.5,3.8,7.0,.,.,.,.
0221 Aurskog-Høland (-2019),4.3,1.3,2.2,.,.,.,.
0226 Sørum (-2019),1.4,1.0,-1.3,.,.,.,.
0227 Fet (-2019),1.6,-1.5,0.6,.,.,.,.
0228 Rælingen (-2019),2.6,3.4,1.0,.,.,.,.
0229 Enebakk (-2019),2.3,0.2,2.7,.,.,.,.
0230 Lørenskog (-2019),3.3,3.4,2.6,.,.,.,.
0231 Skedsmo (-2019),4.5,0.7,-0.6,.,.,.,.
0233 Nittedal (-2019),3.9,2.0,4.7,.,.,.,.
0234 Gjerdrum (-2019),7.4,3.2,3.6,.,.,.,.
0235 Ullensaker (-2019),0.1,-0.9,0.9,.,.,.,.
0236 Nes (Akershus) (-2019),0.1,-0.2,0.8,.,.,.,.
0237 Eidsvoll (-2019),3.6,0.6,0.9,.,.,.,.
0238 Nannestad (-2019),5.8,2.8,5.0,.,.,.,.
0239 Hurdal (-2019),3.0,3.4,-3.5,.,.,.,.
0301 Oslo,4.3,5.2,4.5,3.7,4.5,5.4,-0.8
3401 Kongsvinger,.,.,.,3.7,6.6,2.3,-0.1
3403 Hamar,.,.,.,3.2,7.7,0.9,4.4
3405 Lillehammer,.,.,.,-1.4,5.8,2.2,1.2
3407 Gjøvik,.,.,.,-2.0,3.4,-0.6,4.0
3411 Ringsaker,.,.,.,2.1,4.2,0.9,2.0
3412 Løten,.,.,.,2.6,7.9,-0.4,2.9
3413 Stange,.,.,.,1.1,4.1,2.7,-0.2
3414 Nord-Odal,.,.,.,-0.8,1.3,2.6,0.2
3415 Sør-Odal,.,.,.,1.3,4.0,3.7,-2.6
3416 Eidskog,.,.,.,0.0,0.6,-4.2,-5.7
3417 Grue,.,.,.,0.0,1.4,-1.6,-2.6
3418 Åsnes,.,.,.,-4.3,3.2,-0.2,-5.3
3419 Våler (Innlandet),.,.,.,1.1,1.1,-0.2,1.0
3420 Elverum,.,.,.,0.9,3.3,1.6,0.6
3421 Trysil,.,.,.,0.2,4.0,-0.1,0.4
3422 Åmot,.,.,.,6.2,4.1,4.2,1.5
3423 Stor-Elvdal,.,.,.,2.5,-1.1,-6.6,-3.0
3424 Rendalen,.,.,.,-2.3,7.5,7.0,11.9
3425 Engerdal,.,.,.,-2.2,2.0,1.4,1.0
3426 Tolga,.,.,.,1.0,4.4,5.7,-2.8
3427 Tynset,.,.,.,3.5,2.5,1.3,1.7
3428 Alvdal,.,.,.,1.9,3.5,0.3,5.0
3429 Folldal,.,.,.,4.0,1.3,3.3,-2.0
3430 Os,.,.,.,9.2,6.2,-7.1,-12.3
3431 Dovre,.,.,.,4.7,6.5,7.8,5.1
3432 Lesja,.,.,.,3.7,7.0,2.1,7.2
3433 Skjåk,.,.,.,5.2,9.6,9.6,3.2
3434 Lom,.,.,.,3.6,7.1,11.4,10.9
3435 Vågå,.,.,.,6.7,4.3,5.8,3.5
3436 Nord-Fron,.,.,.,6.2,7.2,4.4,9.0
3437 Sel,.,.,.,3.5,5.6,2.6,-0.9
3438 Sør-Fron,.,.,.,0.3,5.1,3.8,9.3
3439 Ringebu,.,.,.,0.7,3.0,4.8,6.0
3440 Øyer,.,.,.,1.7,3.1,1.9,4.8
3441 Gausdal,.,.,.,-0.4,9.1,-0.1,5.3
3442 Østre Toten,.,.,.,0.2,4.6,1.8,3.7
3443 Vestre Toten,.,.,.,-1.8,1.6,-4.0,-3.3
3446 Gran,.,.,.,2.0,3.6,3.3,0.0
3447 Søndre Land,.,.,.,-0.6,2.1,-7.0,-1.4
3448 Nordre Land,.,.,.,1.7,7.5,1.8,1.8
3449 Sør-Aurdal,.,.,.,2.4,3.2,0.2,1.1
3450 Etnedal,.,.,.,2.8,4.8,1.7,-2.3
3451 Nord-Aurdal,.,.,.,0.9,3.3,0.6,-4.3
3452 Vestre Slidre,.,.,.,1.3,12.6,6.0,-2.2
3453 Øystre Slidre,.,.,.,1.7,6.7,4.2,1.0
3454 Vang,.,.,.,1.8,14.8,15.4,4.9
0402 Kongsvinger (-2019),2.9,2.1,2.3,.,.,.,.
0403 Hamar (-2019),5.4,3.2,1.5,.,.,.,.
0412 Ringsaker (-2019),2.9,1.4,-1.6,.,.,.,.
0415 Løten (-2019),4.7,5.2,3.7,.,.,.,.
0417 Stange (-2019),3.8,1.5,1.5,.,.,.,.
0418 Nord-Odal (-2019),-1.0,-2.6,-2.6,.,.,.,.
0419 Sør-Odal (-2019),4.3,-0.2,0.0,.,.,.,.
0420 Eidskog (-2019),1.9,1.0,-0.6,.,.,.,.
0423 Grue (-2019),3.8,2.1,0.9,.,.,.,.
0425 Åsnes (-2019),4.8,-0.7,-1.0,.,.,.,.
0426 Våler (Hedmark) (-2019),1.2,-5.0,-0.4,.,.,.,.
0427 Elverum (-2019),1.2,0.1,0.8,.,.,.,.
0428 Trysil (-2019),1.1,-2.4,-0.7,.,.,.,.
0429 Åmot (-2019),-2.6,-3.2,0.5,.,.,.,.
0430 Stor-Elvdal (-2019),2.5,4.4,3.6,.,.,.,.
0432 Rendalen (-2019),7.9,6.1,7.3,.,.,.,.
0434 Engerdal (-2019),1.3,-4.7,-5.2,.,.,.,.
0436 Tolga (-2019),6.9,2.1,3.3,.,.,.,.
0437 Tynset (-2019),2.5,2.7,0.6,.,.,.,.
0438 Alvdal (-2019),2.4,-0.1,-1.1,.,.,.,.
0439 Folldal (-2019),0.2,-0.9,1.0,.,.,.,.
0441 Os (Hedmark) (-2019),5.3,3.0,0.7,.,.,.,.
0501 Lillehammer (-2019),3.3,1.2,-2.0,.,.,.,.
0502 Gjøvik (-2019),3.3,0.8,0.9,.,.,.,.
0511 Dovre (-2019),-0.9,-1.5,-0.1,.,.,.,.
0512 Lesja (-2019),2.7,0.1,3.5,.,.,.,.
0513 Skjåk (-2019),1.3,1.6,7.1,.,.,.,.
0514 Lom (-2019),0.9,2.7,2.0,.,.,.,.
0515 Vågå (-2019),-1.8,0.3,-0.6,.,.,.,.
0516 Nord-Fron (-2019),2.1,-1.6,-2.7,.,.,.,.
0517 Sel (-2019),1.2,-0.9,2.0,.,.,.,.
0519 Sør-Fron (-2019),2.0,1.4,2.4,.,.,.,.
0520 Ringebu (-2019),2.5,0.3,1.5,.,.,.,.
0521 Øyer (-2019),2.9,3.4,0.8,.,.,.,.
0522 Gausdal (-2019),0.3,0.0,-0.1,.,.,.,.
0528 Østre Toten (-2019),3.3,1.0,2.2,.,.,.,.
0529 Vestre Toten (-2019),4.6,0.8,0.1,.,.,.,.
0532 Jevnaker (-2019),3.4,0.9,0.4,.,.,.,.
0533 Lunner (-2019),1.8,-1.1,-1.1,.,.,.,.
0534 Gran (-2019),2.7,2.5,0.1,.,.,.,.
0536 Søndre Land (-2019),1.0,-1.1,-0.7,.,.,.,.
0538 Nordre Land (-2019),3.2,0.9,1.5,.,.,.,.
0540 Sør-Aurdal (-2019),3.5,0.7,3.5,.,.,.,.
0541 Etnedal (-2019),-0.1,-3.5,0.1,.,.,.,.
0542 Nord-Aurdal (-2019),3.8,3.2,2.4,.,.,.,.
0543 Vestre Slidre (-2019),6.2,7.4,5.3,.,.,.,.
0544 Øystre Slidre (-2019),1.8,6.6,3.2,.,.,.,.
0545 Vang (-2019),5.1,2.2,4.6,.,.,.,.
3301 Drammen,.,.,.,.,.,.,.
3303 Kongsberg,.,.,.,.,.,.,.
3305 Ringerike,.,.,.,.,.,.,.
3310 Hole,.,.,.,.,.,.,.
3312 Lier,.,.,.,.,.,.,.
3314 Øvre Eiker,.,.,.,.,.,.,.
3316 Modum,.,.,.,.,.,.,.
3318 Krødsherad,.,.,.,.,.,.,.
3320 Flå,.,.,.,.,.,.,.
3322 Nesbyen,.,.,.,.,.,.,.
3324 Gol,.,.,.,.,.,.,.
3326 Hemsedal,.,.,.,.,.,.,.
3328 Ål,.,.,.,.,.,.,.
3330 Hol,.,.,.,.,.,.,.
3332 Sigdal,.,.,.,.,.,.,.
3334 Flesberg,.,.,.,.,.,.,.
3336 Rollag,.,.,.,.,.,.,.
3338 Nore og Uvdal,.,.,.,.,.,.,.
0602 Drammen (-2019),5.8,3.8,1.5,.,.,.,.
0604 Kongsberg (-2019),1.8,1.8,1.1,.,.,.,.
0605 Ringerike (-2019),3.0,1.0,2.5,.,.,.,.
0612 Hole (-2019),7.0,2.1,0.3,.,.,.,.
0615 Flå (-2019),5.7,3.2,1.6,.,.,.,.
0616 Nes (Buskerud) (-2019),-0.7,-1.2,-3.5,.,.,.,.
0617 Gol (-2019),2.6,-0.3,-2.0,.,.,.,.
0618 Hemsedal (-2019),5.4,1.9,2.3,.,.,.,.
0619 Ål (-2019),1.6,3.9,3.0,.,.,.,.
0620 Hol (-2019),2.5,-0.9,-0.5,.,.,.,.
0621 Sigdal (-2019),4.1,1.6,-0.4,.,.,.,.
0622 Krødsherad (-2019),9.5,8.2,4.3,.,.,.,.
0623 Modum (-2019),2.1,1.6,1.2,.,.,.,.
0624 Øvre Eiker (-2019),2.6,1.1,1.7,.,.,.,.
0625 Nedre Eiker (-2019),4.1,2.7,-0.3,.,.,.,.
0626 Lier (-2019),1.8,2.3,2.5,.,.,.,.
0627 Røyken (-2019),1.1,0.8,0.6,.,.,.,.
0628 Hurum (-2019),0.2,-3.2,-1.9,.,.,.,.
0631 Flesberg (-2019),5.6,0.6,-1.5,.,.,.,.
0632 Rollag (-2019),2.4,0.0,0.3,.,.,.,.
0633 Nore og Uvdal (-2019),4.6,-0.7,0.2,.,.,.,.
3901 Horten,.,.,.,.,.,.,.
3903 Holmestrand,.,.,.,.,.,.,.
3905 Tønsberg,.,.,.,.,.,.,.
3907 Sandefjord,.,.,.,.,.,.,.
3909 Larvik,.,.,.,.,.,.,.
3911 Færder,.,.,.,.,.,.,.
4001 Porsgrunn,.,.,.,.,.,.,.
4003 Skien,.,.,.,.,.,.,.
4005 Notodden,.,.,.,.,.,.,.
4010 Siljan,.,.,.,.,.,.,.
4012 Bamble,.,.,.,.,.,.,.
4014 Kragerø,.,.,.,.,.,.,.
4016 Drangedal,.,.,.,.,.,.,.
4018 Nome,.,.,.,.,.,.,.
4020 Midt-Telemark,.,.,.,.,.,.,.
4022 Seljord,.,.,.,.,.,.,.
4024 Hjartdal,.,.,.,.,.,.,.
4026 Tinn,.,.,.,.,.,.,.
4028 Kviteseid,.,.,.,.,.,.,.
4030 Nissedal,.,.,.,.,.,.,.
4032 Fyresdal,.,.,.,.,.,.,.
4034 Tokke,.,.,.,.,.,.,.
4036 Vinje,.,.,.,.,.,.,.
3801 Horten (2020-2023),.,.,.,0.7,4.2,1.2,-0.4
3802 Holmestrand (2020-2023),.,.,.,2.6,3.8,3.3,1.6
3803 Tønsberg (2020-2023),.,.,.,1.8,5.4,3.3,-2.2
3804 Sandefjord (2020-2023),.,.,.,4.8,7.0,3.6,4.8
3805 Larvik (2020-2023),.,.,.,2.2,6.0,-0.5,1.7
3806 Porsgrunn (2020-2023),.,.,.,1.9,2.9,4.8,6.0
3807 Skien (2020-2023),.,.,.,2.0,2.5,2.6,2.6
3808 Notodden (2020-2023),.,.,.,1.4,2.4,-0.3,0.1
3811 Færder (2020-2023),.,.,.,1.6,4.0,2.1,-1.7
3812 Siljan (2020-2023),.,.,.,-0.6,4.7,0.3,-0.3
3813 Bamble (2020-2023),.,.,.,2.9,2.5,-2.3,-0.5
3814 Kragerø (2020-2023),.,.,.,-1.1,1.6,-3.0,-5.9
3815 Drangedal (2020-2023),.,.,.,-0.6,3.5,3.5,2.7
3816 Nome (2020-2023),.,.,.,0.5,4.8,5.7,-2.4
3817 Midt-Telemark (2020-2023),.,.,.,-2.6,1.7,-0.7,-2.4
3818 Tinn (2020-2023),.,.,.,4.5,10.2,8.4,13.2
3819 Hjartdal (2020-2023),.,.,.,1.5,-3.8,2.6,0.2
3820 Seljord (2020-2023),.,.,.,1.8,1.8,3.6,2.0
3821 Kviteseid (2020-2023),.,.,.,-1.9,2.2,3.1,5.2
3822 Nissedal (2020-2023),.,.,.,-2.8,3.8,0.3,5.5
3823 Fyresdal (2020-2023),.,.,.,2.9,5.9,6.0,13.5
3824 Tokke (2020-2023),.,.,.,3.6,7.5,12.4,6.0
3825 Vinje (2020-2023),.,.,.,0.2,8.7,7.0,4.7
0701 Horten (-2019),2.5,2.9,2.2,.,.,.,.
0702 Holmestrand (-2017),0.7,.,.,.,.,.,.
0704 Tønsberg (-2019),4.5,0.8,-0.4,.,.,.,.
0706 Sandefjord (-2016),.,.,.,.,.,.,.
0709 Larvik (-2017),1.2,.,.,.,.,.,.
0710 Sandefjord (2017-2019),5.8,4.2,4.8,.,.,.,.
0711 Svelvik (-2019),3.7,-1.4,-0.4,.,.,.,.
0712 Larvik (2018-2019),.,-0.3,3.3,.,.,.,.
0713 Sande (Vestfold) (-2019),1.7,1.5,4.1,.,.,.,.
0714 Hof (-2017),-1.2,.,.,.,.,.,.
0715 Holmestrand (2018-2019),.,-2.1,-4.6,.,.,.,.
0716 Re (-2019),1.7,-1.9,1.1,.,.,.,.
0719 Andebu (-2016),.,.,.,.,.,.,.
0720 Stokke (-2016),.,.,.,.,.,.,.
0722 Nøtterøy (-2017),1.4,.,.,.,.,.,.
0723 Tjøme (-2017),0.5,.,.,.,.,.,.
0728 Lardal (-2017),-3.9,.,.,.,.,.,.
0729 Færder (2018-2019),.,0.5,0.7,.,.,.,.
0805 Porsgrunn (-2019),2.4,0.7,2.4,.,.,.,.
0806 Skien (-2019),2.8,2.0,1.2,.,.,.,.
0807 Notodden (-2019),2.1,-0.4,1.4,.,.,.,.
0811 Siljan (-2019),5.9,3.8,3.3,.,.,.,.
0814 Bamble (-2019),5.0,1.1,3.5,.,.,.,.
0815 Kragerø (-2019),2.1,0.1,1.7,.,.,.,.
0817 Drangedal (-2019),3.4,0.2,-1.6,.,.,.,.
0819 Nome (-2019),2.1,0.5,-0.7,.,.,.,.
0821 Bø (Telemark) (-2019),4.8,0.2,-4.3,.,.,.,.
0822 Sauherad (-2019),1.8,1.3,0.1,.,.,.,.
0826 Tinn (-2019),4.3,1.2,1.8,.,.,.,.
0827 Hjartdal (-2019),2.0,2.9,16.3,.,.,.,.
0828 Seljord (-2019),-0.8,0.3,1.4,.,.,.,.
0829 Kviteseid (-2019),1.7,3.1,-1.5,.,.,.,.
0830 Nissedal (-2019),2.4,-0.5,-3.2,.,.,.,.
0831 Fyresdal (-2019),2.3,4.3,0.9,.,.,.,.
0833 Tokke (-2019),5.1,4.5,-1.2,.,.,.,.
0834 Vinje (-2019),3.8,2.7,3.3,.,.,.,.
4201 Risør,.,.,.,1.2,2.8,-0.2,-3.3
4202 Grimstad,.,.,.,1.5,4.1,1.5,-0.3
4203 Arendal,.,.,.,0.2,4.1,2.0,-0.4
4204 Kristiansand,.,.,.,3.4,4.4,-0.6,2.1
4205 Lindesnes,.,.,.,0.2,2.3,-1.5,2.8
4206 Farsund,.,.,.,3.1,5.1,0.5,0.5
4207 Flekkefjord,.,.,.,2.4,2.6,3.1,0.1
4211 Gjerstad,.,.,.,-0.3,2.9,-0.4,-1.3
4212 Vegårshei,.,.,.,-1.2,2.2,-3.2,-1.4
4213 Tvedestrand,.,.,.,1.8,0.7,-1.0,-2.5
4214 Froland,.,.,.,-1.7,0.3,3.0,-1.2
4215 Lillesand,.,.,.,2.1,1.6,-0.2,-1.5
4216 Birkenes,.,.,.,-1.7,-0.8,-3.1,0.0
4217 Åmli,.,.,.,6.5,6.6,4.1,8.0
4218 Iveland,.,.,.,7.1,5.7,5.9,13.4
4219 Evje og Hornnes,.,.,.,3.0,0.6,2.0,3.8
4220 Bygland,.,.,.,1.4,0.9,1.0,9.3
4221 Valle,.,.,.,6.3,-0.5,4.6,13.5
4222 Bykle,.,.,.,18.3,14.7,13.3,16.4
4223 Vennesla,.,.,.,2.9,1.7,-1.1,1.1
4224 Åseral,.,.,.,8.3,11.5,-0.6,17.1
4225 Lyngdal,.,.,.,0.0,1.3,3.0,3.5
4226 Hægebostad,.,.,.,2.8,1.2,1.4,1.0
4227 Kvinesdal,.,.,.,1.7,4.1,3.3,11.9
4228 Sirdal,.,.,.,14.3,9.0,-0.1,6.0
0901 Risør (-2019),0.2,0.2,-0.6,.,.,.,.
0904 Grimstad (-2019),3.6,0.2,-0.4,.,.,.,.
0906 Arendal (-2019),2.3,1.8,0.1,.,.,.,.
0911 Gjerstad (-2019),2.7,1.7,0.0,.,.,.,.
0912 Vegårshei (-2019),2.8,1.2,-0.9,.,.,.,.
0914 Tvedestrand (-2019),1.4,1.1,-1.5,.,.,.,.
0919 Froland (-2019),-0.2,-0.7,-1.2,.,.,.,.
0926 Lillesand (-2019),4.2,1.1,0.4,.,.,.,.
0928 Birkenes (-2019),4.6,-0.3,-0.2,.,.,.,.
0929 Åmli (-2019),3.9,1.4,2.6,.,.,.,.
0935 Iveland (-2019),5.0,2.9,1.3,.,.,.,.
0937 Evje og Hornnes (-2019),2.2,2.2,-0.3,.,.,.,.
0938 Bygland (-2019),3.3,-0.3,-5.4,.,.,.,.
0940 Valle (-2019),8.0,3.1,2.7,.,.,.,.
0941 Bykle (-2019),10.0,6.4,11.2,.,.,.,.
1001 Kristiansand (-2019),3.4,2.0,1.6,.,.,.,.
1002 Mandal (-2019),1.6,2.7,-1.7,.,.,.,.
1003 Farsund (-2019),0.9,3.6,0.4,.,.,.,.
1004 Flekkefjord (-2019),-0.2,2.7,0.7,.,.,.,.
1014 Vennesla (-2019),5.7,0.9,1.7,.,.,.,.
1017 Songdalen (-2019),4.5,0.5,2.3,.,.,.,.
1018 Søgne (-2019),3.4,0.3,1.2,.,.,.,.
1021 Marnardal (-2019),11.2,-8.5,-5.7,.,.,.,.
1026 Åseral (-2019),14.1,11.7,8.3,.,.,.,.
1027 Audnedal (-2019),15.2,-3.0,-10.8,.,.,.,.
1029 Lindesnes (-2019),4.2,0.8,-2.6,.,.,.,.
1032 Lyngdal (-2019),3.0,1.9,-5.0,.,.,.,.
1034 Hægebostad (-2019),2.3,0.3,-0.2,.,.,.,.
1037 Kvinesdal (-2019),1.8,2.2,4.1,.,.,.,.
1046 Sirdal (-2019),4.4,2.7,3.7,.,.,.,.
1101 Eigersund,3.3,-0.3,1.8,4.1,3.0,1.1,2.7
1102 Sandnes (-2019),5.1,3.0,0.5,.,.,.,.
1103 Stavanger,5.5,3.7,7.8,4.3,8.0,6.4,3.2
1106 Haugesund,5.5,2.9,5.0,2.1,3.4,2.1,-0.5
1108 Sandnes,.,.,.,2.7,6.3,2.7,4.7
1111 Sokndal,4.4,3.1,3.7,4.2,2.6,0.5,4.5
1112 Lund,0.3,-2.4,-1.9,2.8,5.0,1.2,-1.0
1114 Bjerkreim,2.9,2.7,-0.4,5.5,8.9,9.4,6.8
1119 Hå,1.4,4.3,3.0,6.2,8.6,6.8,6.3
1120 Klepp,2.2,3.0,3.8,5.0,8.7,6.5,5.9
1121 Time,2.9,0.4,1.7,1.8,6.8,4.4,1.5
1122 Gjesdal,4.9,3.3,1.3,1.6,7.9,3.7,1.0
1124 Sola,5.9,3.8,5.3,4.1,5.0,9.1,5.9
1127 Randaberg,0.4,-0.2,0.0,-0.1,2.0,1.1,2.7
1129 Forsand (-2019),18.5,-0.4,8.0,.,.,.,.
1130 Strand,8.5,3.3,0.4,2.3,2.4,0.7,-1.5
1133 Hjelmeland,5.0,8.6,3.1,7.9,8.0,7.1,8.5
1134 Suldal,8.7,10.5,9.9,5.6,19.2,28.6,20.5
1135 Sauda,1.1,3.2,4.6,3.7,2.9,1.3,17.6
1141 Finnøy (-2019),0.2,9.5,-1.8,.,.,.,.
1142 Rennesøy (-2019),-1.3,3.3,3.4,.,.,.,.
1144 Kvitsøy,1.7,8.0,0.8,3.0,7.4,12.7,6.7
1145 Bokn,5.5,9.0,8.2,0.6,4.3,7.7,3.1
1146 Tysvær,8.7,9.0,5.4,6.4,6.9,9.7,6.2
1149 Karmøy,4.6,2.6,4.3,4.0,6.2,4.5,0.7
1151 Utsira,6.4,11.4,6.8,8.9,9.2,18.1,14.5
1160 Vindafjord,6.7,2.1,1.7,5.8,5.1,6.2,5.0
4601 Bergen,.,.,.,2.4,4.6,3.6,0.7
4602 Kinn,.,.,.,-1.2,2.1,2.2,-1.2
4611 Etne,.,.,.,-2.9,2.5,2.2,0.6
4612 Sveio,.,.,.,2.1,4.0,3.5,0.5
4613 Bømlo,.,.,.,1.7,-0.5,-1.4,-3.9
4614 Stord,.,.,.,4.0,2.4,0.6,-0.2
4615 Fitjar,.,.,.,2.3,1.0,2.5,-0.2
4616 Tysnes,.,.,.,0.6,3.5,4.2,-0.7
4617 Kvinnherad,.,.,.,2.4,13.3,4.3,8.5
4618 Ullensvang,.,.,.,0.3,3.5,10.0,7.5
4619 Eidfjord,.,.,.,4.8,13.4,17.1,11.7
4620 Ulvik,.,.,.,5.4,3.9,-1.3,-3.2
4621 Voss,.,.,.,2.1,2.9,-1.0,-0.6
4622 Kvam,.,.,.,1.3,7.0,7.4,0.8
4623 Samnanger,.,.,.,0.7,4.8,7.6,3.0
4624 Bjørnafjorden,.,.,.,1.8,6.7,-3.7,-1.6
4625 Austevoll,.,.,.,6.8,3.2,5.1,-1.8
4626 Øygarden,.,.,.,-0.3,-0.1,1.4,-0.5
4627 Askøy,.,.,.,1.6,4.2,1.9,-1.7
4628 Vaksdal,.,.,.,4.1,3.3,4.0,23.6
4629 Modalen,.,.,.,6.4,7.3,7.4,-0.1
4630 Osterøy,.,.,.,-1.0,1.6,1.5,-3.2
4631 Alver,.,.,.,0.5,3.2,-0.4,-1.7
4632 Austrheim,.,.,.,4.5,2.2,1.0,-0.3
4633 Fedje,.,.,.,8.6,-1.4,3.0,-1.7
4634 Masfjorden,.,.,.,4.8,13.2,5.0,7.7
4635 Gulen,.,.,.,11.6,4.9,9.4,0.4
4636 Solund,.,.,.,13.7,2.5,14.1,0.5
4637 Hyllestad,.,.,.,7.8,0.0,2.3,-2.8
4638 Høyanger,.,.,.,2.5,0.2,-14.3,10.8
4639 Vik,.,.,.,2.8,4.6,14.7,9.7
4640 Sogndal,.,.,.,2.9,4.2,0.6,1.6
4641 Aurland,.,.,.,1.8,10.3,24.7,17.7
4642 Lærdal,.,.,.,5.3,8.7,3.8,13.3
4643 Årdal,.,.,.,-1.3,0.6,3.4,-0.3
4644 Luster,.,.,.,4.4,12.5,11.4,5.6
4645 Askvoll,.,.,.,2.8,0.3,0.3,-3.5
4646 Fjaler,.,.,.,-1.4,1.3,7.3,-3.0
4647 Sunnfjord,.,.,.,0.7,2.6,1.5,1.1
4648 Bremanger,.,.,.,1.7,3.8,13.1,5.4
4649 Stad,.,.,.,4.3,4.3,2.1,0.1
4650 Gloppen,.,.,.,0.3,4.4,2.7,-0.7
4651 Stryn,.,.,.,0.6,0.0,1.7,0.3
1201 Bergen (-2019),5.3,4.3,3.6,.,.,.,.
1211 Etne (-2019),3.0,5.4,-0.1,.,.,.,.
1216 Sveio (-2019),5.3,5.4,1.6,.,.,.,.
1219 Bømlo (-2019),0.9,2.6,0.9,.,.,.,.
1221 Stord (-2019),1.5,0.2,2.6,.,.,.,.
1222 Fitjar (-2019),1.3,5.4,2.0,.,.,.,.
1223 Tysnes (-2019),5.0,3.5,2.1,.,.,.,.
1224 Kvinnherad (-2019),7.2,2.0,6.7,.,.,.,.
1227 Jondal (-2019),2.2,10.8,0.4,.,.,.,.
1228 Odda (-2019),6.0,4.2,-0.1,.,.,.,.
1231 Ullensvang (-2019),9.7,-3.7,-4.4,.,.,.,.
1232 Eidfjord (-2019),5.5,8.2,4.8,.,.,.,.
1233 Ulvik (-2019),-0.2,0.0,1.1,.,.,.,.
1234 Granvin (-2019),2.8,2.8,-4.7,.,.,.,.
1235 Voss (-2019),3.9,-0.5,-2.0,.,.,.,.
1238 Kvam (-2019),2.4,4.7,2.0,.,.,.,.
1241 Fusa (-2019),1.4,6.2,-7.7,.,.,.,.
1242 Samnanger (-2019),2.7,1.4,-0.3,.,.,.,.
1243 Os (Hordaland) (-2019),9.3,6.4,4.5,.,.,.,.
1244 Austevoll (-2019),2.6,6.1,2.0,.,.,.,.
1245 Sund (-2019),3.7,3.2,-2.1,.,.,.,.
1246 Fjell (-2019),1.8,-3.3,-5.0,.,.,.,.
1247 Askøy (-2019),1.6,-0.3,0.3,.,.,.,.
1251 Vaksdal (-2019),5.8,3.5,3.2,.,.,.,.
1252 Modalen (-2019),10.3,-1.7,3.8,.,.,.,.
1253 Osterøy (-2019),0.0,3.1,-0.6,.,.,.,.
1256 Meland (-2019),-1.0,0.8,-2.7,.,.,.,.
1259 Øygarden (-2019),5.1,6.2,-6.2,.,.,.,.
1260 Radøy (-2019),0.3,3.6,-3.1,.,.,.,.
1263 Lindås (-2019),7.4,2.9,-1.0,.,.,.,.
1264 Austrheim (-2019),-0.2,0.4,2.4,.,.,.,.
1265 Fedje (-2019),3.0,0.5,-2.7,.,.,.,.
1266 Masfjorden (-2019),3.1,3.4,2.3,.,.,.,.
1401 Flora (-2019),3.2,-0.5,-0.7,.,.,.,.
1411 Gulen (-2019),-2.8,11.4,6.8,.,.,.,.
1412 Solund (-2019),1.9,17.4,1.2,.,.,.,.
1413 Hyllestad (-2019),-0.1,8.4,1.0,.,.,.,.
1416 Høyanger (-2019),1.7,0.5,0.3,.,.,.,.
1417 Vik (-2019),-1.0,2.3,2.7,.,.,.,.
1418 Balestrand (-2019),15.3,-3.1,-6.5,.,.,.,.
1419 Leikanger (-2019),7.1,-2.6,-9.8,.,.,.,.
1420 Sogndal (-2019),6.3,5.4,-2.6,.,.,.,.
1421 Aurland (-2019),6.7,8.2,3.4,.,.,.,.
1422 Lærdal (-2019),-0.1,-0.7,-1.2,.,.,.,.
1424 Årdal (-2019),3.6,2.9,-0.3,.,.,.,.
1426 Luster (-2019),4.8,0.9,5.0,.,.,.,.
1428 Askvoll (-2019),3.6,4.4,-0.2,.,.,.,.
1429 Fjaler (-2019),5.2,4.0,-1.4,.,.,.,.
1430 Gaular (-2019),1.4,4.2,-1.5,.,.,.,.
1431 Jølster (-2019),-0.8,-0.4,5.9,.,.,.,.
1432 Førde (-2019),7.6,0.4,2.0,.,.,.,.
1433 Naustdal (-2019),2.3,-0.6,0.5,.,.,.,.
1438 Bremanger (-2019),5.1,7.1,2.8,.,.,.,.
1439 Vågsøy (-2019),-1.7,-0.2,0.9,.,.,.,.
1441 Selje (-2019),5.0,7.7,3.0,.,.,.,.
1443 Eid (-2019),4.5,-1.6,0.3,.,.,.,.
1444 Hornindal (-2019),2.6,-2.7,-3.0,.,.,.,.
1445 Gloppen (-2019),-0.7,-0.3,-1.5,.,.,.,.
1449 Stryn (-2019),1.1,2.5,-2.8,.,.,.,.
1502 Molde (-2019),3.7,1.2,-1.3,.,.,.,.
1504 Ålesund (-2019),5.1,0.9,-2.3,.,.,.,.
1505 Kristiansund,1.0,-0.9,0.9,2.0,2.4,0.5,-0.4
1506 Molde,.,.,.,3.2,2.6,-0.4,-2.3
1507 Ålesund (2020-2023),.,.,.,-1.7,0.4,2.9,2.5
1508 Ålesund,.,.,.,.,.,.,.
1511 Vanylven,5.0,4.7,-5.1,-1.9,1.4,1.3,-3.2
1514 Sande,2.6,-1.1,-0.3,1.1,1.9,-2.0,-2.5
1515 Herøy (Møre og Romsdal),1.6,0.1,1.7,-0.1,0.0,-2.2,-6.7
1516 Ulstein,0.7,0.7,0.6,0.2,0.8,0.3,-1.7
1517 Hareid,0.3,-0.3,0.0,-0.2,0.8,0.3,-8.7
1519 Volda (-2019),4.6,0.7,-7.7,.,.,.,.
1520 Ørsta,1.1,0.3,-0.2,0.4,1.1,1.5,-3.6
1523 Ørskog (-2019),2.2,-1.9,-6.6,.,.,.,.
1524 Norddal (-2019),8.9,-2.3,-5.9,.,.,.,.
1525 Stranda,5.3,2.9,2.2,-1.5,-0.1,2.3,4.4
1526 Stordal (-2019),-1.8,-1.5,-2.6,.,.,.,.
1528 Sykkylven,1.8,0.3,-0.3,-0.4,1.6,2.3,1.7
1529 Skodje (-2019),3.8,3.0,-2.2,.,.,.,.
1531 Sula,1.3,-1.3,0.6,-0.2,4.0,2.1,-1.4
1532 Giske,2.3,-0.5,-1.0,-0.5,4.5,4.1,0.3
1534 Haram (-2019),2.0,-0.4,-1.6,.,.,.,.
1535 Vestnes,0.9,1.4,-0.5,-1.4,-1.8,2.4,0.5
1539 Rauma,2.4,0.9,-1.5,-5.7,0.0,4.2,2.1
1543 Nesset (-2019),1.3,1.5,0.6,.,.,.,.
1545 Midsund (-2019),-3.1,2.5,-2.5,.,.,.,.
1546 Sandøy (-2019),2.6,-1.6,-5.1,.,.,.,.
1547 Aukra,21.4,22.8,27.2,22.9,12.4,14.2,26.9
1548 Fræna (-2019),7.4,0.5,-2.4,.,.,.,.
1551 Eide (-2019),-3.3,-6.1,-2.7,.,.,.,.
1554 Averøy,1.1,3.2,-0.7,6.0,-0.5,-1.0,-3.0
1557 Gjemnes,2.8,4.3,0.0,-2.3,-2.0,2.2,6.0
1560 Tingvoll,4.3,4.3,-2.7,2.6,1.4,0.5,-8.0
1563 Sunndal,2.1,-0.4,-3.8,-0.2,4.0,4.2,0.9
1566 Surnadal,1.7,-2.3,-2.6,1.6,2.4,0.8,-0.7
1567 Rindal,3.2,-0.5,.,.,.,.,.
1571 Halsa (-2019),3.2,3.5,-7.9,.,.,.,.
1573 Smøla,-1.3,11.5,-1.1,8.7,2.8,5.6,-3.0
1576 Aure,-0.3,4.0,-1.3,4.8,2.8,4.8,0.1
1577 Volda,.,.,.,2.3,1.7,1.8,2.5
1578 Fjord,.,.,.,0.7,-1.8,-4.0,0.8
1579 Hustadvika,.,.,.,0.7,4.3,2.6,-2.3
1580 Haram,.,.,.,.,.,.,.
5001 Trondheim - Tråante,.,1.8,3.7,4.0,6.6,2.0,1.8
5004 Steinkjer (2018-2019),.,2.1,0.1,.,.,.,.
5005 Namsos (2018-2019),.,1.3,1.5,.,.,.,.
5006 Steinkjer,.,.,.,1.9,3.9,0.3,-2.8
5007 Namsos - Nåavmesjenjaelmie,.,.,.,4.4,2.1,2.7,-2.1
5011 Hemne (2018-2019),.,-3.2,-3.5,.,.,.,.
5012 Snillfjord (2018-2019),.,11.3,-11.5,.,.,.,.
5013 Hitra (2018-2019),.,8.4,-1.4,.,.,.,.
5014 Frøya,.,8.9,-4.9,18.9,13.2,4.9,-2.7
5015 Ørland (2018-2019),.,3.3,-2.1,.,.,.,.
5016 Agdenes (2018-2019),.,6.0,1.1,.,.,.,.
5017 Bjugn (2018-2019),.,6.8,-0.7,.,.,.,.
5018 Åfjord (2018-2019),.,4.8,0.5,.,.,.,.
5019 Roan (2018-2019),.,16.8,5.2,.,.,.,.
5020 Osen,.,9.9,3.9,5.1,3.1,7.6,1.4
5021 Oppdal,.,4.3,2.4,1.9,5.3,5.1,1.4
5022 Rennebu,.,4.2,4.6,7.0,1.8,-5.3,-8.3
5023 Meldal (2018-2019),.,3.5,3.1,.,.,.,.
5024 Orkdal (2018-2019),.,4.0,-0.6,.,.,.,.
5025 Røros - Rosse,.,2.6,0.7,0.5,1.8,-0.3,-7.2
5026 Holtålen,.,3.7,-1.2,-0.7,-1.7,-1.6,-2.0
5027 Midtre Gauldal,.,2.7,0.1,0.7,4.8,2.4,-3.8
5028 Melhus,.,2.0,2.8,4.2,3.7,-0.7,-0.2
5029 Skaun,.,0.4,1.1,1.6,3.1,0.9,-2.6
5030 Klæbu (2018-2019),.,0.9,-4.1,.,.,.,.
5031 Malvik,.,2.3,0.3,1.3,4.2,2.0,-1.5
5032 Selbu,.,-0.6,0.7,2.0,5.1,2.5,-0.4
5033 Tydal,.,3.5,2.3,10.3,6.2,10.8,13.6
5034 Meråker,.,1.3,3.2,5.5,2.9,1.6,2.4
5035 Stjørdal,.,3.1,5.1,5.8,5.7,0.8,-2.6
5036 Frosta,.,-1.7,-0.2,4.2,4.6,4.4,-0.7
5037 Levanger,.,-0.6,-0.6,-1.2,2.4,2.6,-1.1
5038 Verdal,.,-0.4,0.8,3.2,3.8,4.0,0.5
5039 Verran (2018-2019),.,1.4,1.5,.,.,.,.
5040 Namdalseid (2018-2019),.,4.2,0.8,.,.,.,.
5041 Snåase - Snåsa,.,-3.5,2.3,1.4,5.7,1.1,0.1
5042 Lierne,.,2.0,0.5,1.6,2.0,3.3,4.4
5043 Raarvihke - Røyrvik,.,-0.7,0.6,-0.9,4.0,-0.4,-7.6
5044 Namsskogan,.,3.8,-0.5,2.9,5.6,6.1,10.0
5045 Grong,.,2.0,2.9,0.9,-0.6,-0.8,1.8
5046 Høylandet,.,1.7,0.6,2.3,1.3,-0.6,0.9
5047 Overhalla,.,1.1,2.1,3.5,2.3,2.3,-1.9
5048 Fosnes (2018-2019),.,5.2,2.4,.,.,.,.
5049 Flatanger,.,21.4,1.2,19.9,2.7,17.9,8.1
5050 Vikna (2018-2019),.,11.4,-0.8,.,.,.,.
5051 Nærøy (2018-2019),.,14.0,-1.3,.,.,.,.
5052 Leka,.,22.8,-4.0,7.3,-10.3,10.0,0.5
5053 Inderøy,.,1.8,3.2,3.1,5.3,3.6,-1.4
5054 Indre Fosen,.,1.5,-0.4,-3.0,1.1,1.2,-3.6
5055 Heim,.,.,.,-1.9,-1.2,10.4,5.1
5056 Hitra,.,.,.,7.0,1.2,6.6,-2.8
5057 Ørland,.,.,.,2.1,5.3,0.9,-3.7
5058 Åfjord,.,.,.,6.2,1.7,1.2,-2.5
5059 Orkland,.,.,.,6.8,5.4,6.2,3.0
5060 Nærøysund,.,.,.,4.4,4.0,5.4,1.1
5061 Rindal,.,.,-0.3,1.5,-0.9,0.1,2.3
1601 Trondheim (-2017),4.8,.,.,.,.,.,.
1612 Hemne (-2017),8.9,.,.,.,.,.,.
1613 Snillfjord (-2017),0.0,.,.,.,.,.,.
1617 Hitra (-2017),2.1,.,.,.,.,.,.
1620 Frøya (-2017),8.8,.,.,.,.,.,.
1621 Ørland (-2017),3.3,.,.,.,.,.,.
1622 Agdenes (-2017),0.2,.,.,.,.,.,.
1624 Rissa (-2017),-0.8,.,.,.,.,.,.
1627 Bjugn (-2017),10.7,.,.,.,.,.,.
1630 Åfjord (-2017),8.5,.,.,.,.,.,.
1632 Roan (-2017),6.6,.,.,.,.,.,.
1633 Osen (-2017),2.3,.,.,.,.,.,.
1634 Oppdal (-2017),4.3,.,.,.,.,.,.
1635 Rennebu (-2017),1.7,.,.,.,.,.,.
1636 Meldal (-2017),3.3,.,.,.,.,.,.
1638 Orkdal (-2017),8.3,.,.,.,.,.,.
1640 Røros (-2017),1.6,.,.,.,.,.,.
1644 Holtålen (-2017),0.6,.,.,.,.,.,.
1648 Midtre Gauldal (-2017),5.3,.,.,.,.,.,.
1653 Melhus (-2017),1.6,.,.,.,.,.,.
1657 Skaun (-2017),3.9,.,.,.,.,.,.
1662 Klæbu (-2017),6.2,.,.,.,.,.,.
1663 Malvik (-2017),4.1,.,.,.,.,.,.
1664 Selbu (-2017),5.2,.,.,.,.,.,.
1665 Tydal (-2017),-0.1,.,.,.,.,.,.
1702 Steinkjer (-2017),3.4,.,.,.,.,.,.
1703 Namsos (-2017),4.7,.,.,.,.,.,.
1711 Meråker (-2017),5.5,.,.,.,.,.,.
1714 Stjørdal (-2017),4.3,.,.,.,.,.,.
1717 Frosta (-2017),-0.9,.,.,.,.,.,.
1718 Leksvik (-2017),-1.4,.,.,.,.,.,.
1719 Levanger (-2017),0.3,.,.,.,.,.,.
1721 Verdal (-2017),3.1,.,.,.,.,.,.
1724 Verran (-2017),3.5,.,.,.,.,.,.
1725 Namdalseid (-2017),2.0,.,.,.,.,.,.
1736 Snåase - Snåsa (-2017),2.1,.,.,.,.,.,.
1738 Lierne (-2017),-1.9,.,.,.,.,.,.
1739 Raarvihke - Røyrvik (-2017),3.3,.,.,.,.,.,.
1740 Namsskogan (-2017),6.1,.,.,.,.,.,.
1742 Grong (-2017),2.7,.,.,.,.,.,.
1743 Høylandet (-2017),0.9,.,.,.,.,.,.
1744 Overhalla (-2017),3.8,.,.,.,.,.,.
1748 Fosnes (-2017),2.2,.,.,.,.,.,.
1749 Flatanger (-2017),5.1,.,.,.,.,.,.
1750 Vikna (-2017),5.6,.,.,.,.,.,.
1751 Nærøy (-2017),10.4,.,.,.,.,.,.
1755 Leka (-2017),4.8,.,.,.,.,.,.
1756 Inderøy (-2017),-0.4,.,.,.,.,.,.
1804 Bodø,2.6,0.6,1.0,-0.6,1.0,4.0,0.3
1805 Narvik (-2019),4.3,2.2,-1.1,.,.,.,.
1806 Narvik,.,.,.,-2.1,1.0,2.2,0.1
1811 Bindal,4.5,13.7,3.7,9.4,5.6,9.1,8.4
1812 Sømna,2.3,3.7,-1.7,-0.4,6.9,4.6,-3.7
1813 Brønnøy,3.0,4.4,2.6,1.3,2.6,2.4,-1.3
1815 Vega,-1.2,-1.1,0.2,3.1,2.6,4.0,-5.1
1816 Vevelstad,5.3,12.7,12.5,2.6,3.7,3.3,-12.9
1818 Herøy (Nordland),6.4,12.7,-0.1,11.8,7.4,11.5,0.3
1820 Alstahaug,2.2,1.6,-0.5,3.2,5.9,3.2,-1.9
1822 Leirfjord,-1.1,2.1,0.5,0.7,0.7,2.2,-5.4
1824 Vefsn,3.8,0.8,-0.1,0.8,2.7,1.3,-0.4
1825 Grane,3.7,6.5,5.7,-1.8,6.3,2.8,-5.2
1826 Hattfjelldal - Aarborte,1.3,4.5,3.8,7.2,3.8,-3.8,-5.0
1827 Dønna,4.2,12.1,-1.1,5.2,3.0,3.2,-8.6
1828 Nesna,3.7,1.2,-1.3,-0.3,-0.4,-0.5,-2.8
1832 Hemnes,-2.4,-1.0,2.5,4.5,2.4,-1.3,0.7
1833 Rana,4.9,5.5,5.0,6.7,5.5,8.6,-10.4
1834 Lurøy,8.7,18.0,9.8,16.4,13.1,24.7,10.7
1835 Træna,1.3,8.9,-0.6,-2.0,7.6,4.3,2.3
1836 Rødøy,-2.3,17.1,2.5,9.0,1.5,15.6,10.6
1837 Meløy,0.7,5.2,3.8,2.2,-2.9,-5.0,-6.2
1838 Gildeskål,6.4,1.1,3.5,8.1,4.1,2.8,7.2
1839 Beiarn,8.4,-3.8,8.1,1.8,7.6,-9.3,2.2
1840 Saltdal,1.4,1.1,-0.6,0.5,3.2,2.2,-0.8
1841 Fauske - Fuossko,-1.7,-2.0,-3.7,-0.6,1.7,5.8,2.8
1845 Sørfold,0.0,-0.9,1.5,5.4,-3.9,1.5,4.9
1848 Steigen,-0.9,9.3,0.2,3.6,0.2,2.4,-6.3
1849 Hamarøy - Hábmer (-2019),5.6,1.5,-3.7,.,.,.,.
1850 Divtasvuodna - Tysfjord (-2019),-7.1,3.5,-3.3,.,.,.,.
1851 Lødingen,-2.2,0.5,-5.6,-0.2,-4.6,3.1,4.2
1852 Tjeldsund (-2019),1.7,4.2,2.5,.,.,.,.
1853 Evenes - Evenássi,-0.5,-2.8,-1.0,6.5,4.4,3.5,-6.0
1854 Ballangen (-2019),5.1,4.9,0.0,.,.,.,.
1856 Røst,8.9,6.7,0.3,6.7,7.1,10.2,0.0
1857 Værøy,4.3,1.1,-1.1,4.8,7.9,6.1,5.3
1859 Flakstad,9.5,10.3,3.7,2.4,-3.6,-2.1,-1.5
1860 Vestvågøy,-0.2,0.3,-1.7,-1.8,3.4,3.7,-0.1
1865 Vågan,3.4,2.0,-2.8,-2.0,-3.4,-0.4,-6.7
1866 Hadsel,0.3,4.8,-0.2,1.6,-1.8,2.0,-2.5
1867 Bø,-0.5,1.8,-1.5,5.9,23.2,-7.9,-4.4
1868 Øksnes,-0.2,5.6,0.3,7.3,11.7,0.0,-3.8
1870 Sortland - Suortá,2.0,1.8,0.4,4.0,1.0,1.1,1.5
1871 Andøy,1.3,2.7,-0.5,-2.2,21.5,-4.0,-6.5
1874 Moskenes,-2.3,-5.2,-8.3,-6.8,-15.9,-10.4,-19.8
1875 Hamarøy - Hábmer,.,.,.,6.0,4.2,4.9,-3.9
5501 Tromsø,.,.,.,.,.,.,.
5503 Harstad - Hárstták,.,.,.,.,.,.,.
5510 Kvæfjord,.,.,.,.,.,.,.
5512 Dielddanuorri - Tjeldsund,.,.,.,.,.,.,.
5514 Ibestad,.,.,.,.,.,.,.
5516 Gratangen,.,.,.,.,.,.,.
5518 Loabák - Lavangen,.,.,.,.,.,.,.
5520 Bardu,.,.,.,.,.,.,.
5522 Salangen,.,.,.,.,.,.,.
5524 Målselv,.,.,.,.,.,.,.
5526 Sørreisa,.,.,.,.,.,.,.
5528 Dyrøy,.,.,.,.,.,.,.
5530 Senja,.,.,.,.,.,.,.
5532 Balsfjord,.,.,.,.,.,.,.
5534 Karlsøy,.,.,.,.,.,.,.
5536 Lyngen,.,.,.,.,.,.,.
5538 Storfjord - Omasvuotna - Omasvuono,.,.,.,.,.,.,.
5540 Gáivuotna - Kåfjord - Kaivuono,.,.,.,.,.,.,.
5542 Skjervøy,.,.,.,.,.,.,.
5544 Nordreisa - Ráisa - Raisi,.,.,.,.,.,.,.
5546 Kvænangen,.,.,.,.,.,.,.
5601 Alta,.,.,.,.,.,.,.
5603 Hammerfest - Hámmerfeasta,.,.,.,.,.,.,.
5605 Sør-Varanger,.,.,.,.,.,.,.
5607 Vadsø,.,.,.,.,.,.,.
5610 Kárášjohka - Karasjok,.,.,.,.,.,.,.
5612 Guovdageaidnu - Kautokeino,.,.,.,.,.,.,.
5614 Loppa,.,.,.,.,.,.,.
5616 Hasvik,.,.,.,.,.,.,.
5618 Måsøy,.,.,.,.,.,.,.
5620 Nordkapp,.,.,.,.,.,.,.
5622 Porsanger - Porsángu - Porsanki,.,.,.,.,.,.,.
5624 Lebesby,.,.,.,.,.,.,.
5626 Gamvik,.,.,.,.,.,.,.
5628 Deatnu - Tana,.,.,.,.,.,.,.
5630 Berlevåg,.,.,.,.,.,.,.
5632 Båtsfjord,.,.,.,.,.,.,.
5634 Vardø,.,.,.,.,.,.,.
5636 Unjárga - Nesseby,.,.,.,.,.,.,.
5401 Tromsø (2020-2023),.,.,.,1.7,3.0,1.6,-4.0
5402 Harstad (2020-2023),.,.,.,1.3,1.6,3.5,-2.8
5403 Alta (2020-2023),.,.,.,0.0,-0.3,3.3,-1.8
5404 Vardø (2020-2023),.,.,.,8.6,4.8,4.7,0.9
5405 Vadsø (2020-2023),.,.,.,0.5,-3.3,-3.4,-6.3
5406 Hammerfest (2020-2023),.,.,.,4.4,5.9,0.4,-3.1
5411 Kvæfjord (2020-2023),.,.,.,6.6,-0.3,4.5,1.1
5412 Tjeldsund (2020-2023),.,.,.,-2.6,-3.0,0.1,0.8
5413 Ibestad (2020-2023),.,.,.,7.3,-1.3,6.6,-7.8
5414 Gratangen (2020-2023),.,.,.,10.3,8.6,6.0,-6.3
5415 Loabák - Lavangen (2020-2023),.,.,.,-0.3,-0.1,12.7,-0.3
5416 Bardu (2020-2023),.,.,.,0.5,-2.6,1.8,3.0
5417 Salangen (2020-2023),.,.,.,5.5,-1.1,2.9,2.2
5418 Målselv (2020-2023),.,.,.,0.3,1.8,2.7,2.6
5419 Sørreisa (2020-2023),.,.,.,-1.2,2.5,3.1,-1.6
5420 Dyrøy (2020-2023),.,.,.,2.0,-0.6,6.3,-0.4
5421 Senja (2020-2023),.,.,.,3.2,2.4,4.9,-0.2
5422 Balsfjord (2020-2023),.,.,.,4.2,3.3,-0.4,0.8
5423 Karlsøy (2020-2023),.,.,.,9.7,-0.3,11.5,0.5
5424 Lyngen (2020-2023),.,.,.,-0.1,2.9,2.9,-1.6
5425 Storfjord - Omasvuotna - Omasvuono (2020-2023),.,.,.,-0.8,-2.0,0.9,4.5
5426 Gáivuotna - Kåfjord - Kaivuono (2020-2023),.,.,.,0.4,2.2,3.2,-5.7
5427 Skjervøy (2020-2023),.,.,.,4.8,3.5,11.0,2.0
5428 Nordreisa (2020-2023),.,.,.,1.0,1.9,1.3,-2.4
5429 Kvænangen (2020-2023),.,.,.,9.5,3.3,6.9,-2.7
5430 Guovdageaidnu-Kautokeino (2020-2023),.,.,.,6.4,5.9,2.2,-6.6
5432 Loppa (2020-2023),.,.,.,7.8,-0.3,4.0,13.5
5433 Hasvik (2020-2023),.,.,.,0.9,4.1,6.4,-0.6
5434 Måsøy (2020-2023),.,.,.,8.6,1.9,4.6,-6.9
5435 Nordkapp (2020-2023),.,.,.,5.1,2.6,4.9,4.2
5436 Porsanger - Porsángu - Porsanki  (2020-2023),.,.,.,1.0,1.1,2.9,4.8
5437 Kárásjohka-Karasjok (2020-2023),.,.,.,3.3,2.9,2.3,1.8
5438 Lebesby (2020-2023),.,.,.,9.4,1.9,8.1,9.0
5439 Gamvik (2020-2023),.,.,.,1.1,1.3,-5.3,0.5
5440 Berlevåg (2020-2023),.,.,.,5.3,-3.4,-1.2,-1.4
5441 Deatnu-Tana (2020-2023),.,.,.,2.7,-1.4,0.5,-3.1
5442 Unjárga-Nesseby (2020-2023),.,.,.,4.7,0.7,3.4,-4.1
5443 Båtsfjord (2020-2023),.,.,.,2.8,-0.6,-3.5,-9.3
5444 Sør-Varanger (2020-2023),.,.,.,0.3,-4.2,-1.8,-3.3
1902 Tromsø (-2019),1.5,-1.1,-2.3,.,.,.,.
1903 Harstad - Hárstták (2013-2019),4.2,4.1,0.2,.,.,.,.
1911 Kvæfjord (-2019),4.7,5.2,1.3,.,.,.,.
1913 Skånland (-2019),12.4,4.0,-7.8,.,.,.,.
1917 Ibestad (-2019),2.8,14.4,-13.0,.,.,.,.
1919 Gratangen (-2019),1.5,2.8,-4.8,.,.,.,.
1920 Loabák - Lavangen (-2019),3.8,3.7,-6.0,.,.,.,.
1922 Bardu (-2019),0.4,-3.5,-2.6,.,.,.,.
1923 Salangen (-2019),4.5,4.5,0.4,.,.,.,.
1924 Målselv (-2019),-1.0,-0.2,1.5,.,.,.,.
1925 Sørreisa (-2019),2.4,-1.0,-3.5,.,.,.,.
1926 Dyrøy (-2019),-0.8,6.9,-5.2,.,.,.,.
1927 Tranøy (-2019),2.0,4.0,-11.4,.,.,.,.
1928 Torsken (-2019),30.9,3.4,-21.1,.,.,.,.
1929 Berg (-2019),3.5,2.8,-11.2,.,.,.,.
1931 Lenvik (-2019),0.4,2.6,-1.2,.,.,.,.
1933 Balsfjord (-2019),2.4,3.1,-1.0,.,.,.,.
1936 Karlsøy (-2019),2.0,13.6,-1.2,.,.,.,.
1938 Lyngen (-2019),2.3,2.1,0.5,.,.,.,.
1939 Storfjord - Omasvuotna - Omasvuono (-2019),3.4,1.2,-5.5,.,.,.,.
1940 Gáivuotna - Kåfjord - Kaivuono (-2019),3.1,2.3,-4.2,.,.,.,.
1941 Skjervøy (-2019),1.6,8.3,-1.0,.,.,.,.
1942 Nordreisa - Ráisa - Raisi (-2019),3.0,1.8,-3.6,.,.,.,.
1943 Kvænangen (-2019),2.0,12.5,-2.7,.,.,.,.
2002 Vardø (-2019),4.4,2.9,-0.8,.,.,.,.
2003 Vadsø (-2019),5.1,1.0,-0.2,.,.,.,.
2004 Hammerfest (-2019),6.6,6.7,3.0,.,.,.,.
2011 Guovdageaidnu - Kautokeino (-2019),2.7,6.1,5.6,.,.,.,.
2012 Alta (-2019),0.7,1.4,0.0,.,.,.,.
2014 Loppa (-2019),4.1,18.2,-2.6,.,.,.,.
2015 Hasvik (-2019),3.6,6.1,-1.1,.,.,.,.
2017 Kvalsund (-2019),1.5,6.3,-5.3,.,.,.,.
2018 Måsøy (-2019),-0.6,12.2,5.8,.,.,.,.
2019 Nordkapp (-2019),2.7,7.0,3.0,.,.,.,.
2020 Porsanger - Porsángu - Porsanki (-2019),-3.4,-5.4,-0.1,.,.,.,.
2021 Kárásjohka - Karasjok (-2019),-3.2,-3.3,-1.3,.,.,.,.
2022 Lebesby (-2019),2.4,8.5,4.8,.,.,.,.
2023 Gamvik (-2019),1.9,0.0,-1.9,.,.,.,.
2024 Berlevåg (-2019),0.6,1.3,-0.7,.,.,.,.
2025 Deatnu - Tana (-2019),2.0,-1.3,0.2,.,.,.,.
2027 Unjárga - Nesseby (-2019),-0.7,5.9,3.1,.,.,.,.
2028 Båtsfjord (-2019),3.1,1.2,2.0,.,.,.,.
2030 Sør-Varanger (-2019),-1.4,2.5,1.8,.,.,.,.
2111 Longyearbyen,4.7,11.2,4.7,8.7,4.6,5.7,-18.2
EAK Landet,3.8,2.6,1.9,2.7,4.3,3.0,0.8
EAKUO Landet uten Oslo,3.7,2.2,1.5,2.5,4.2,2.6,1.0
,,,,,,,
"Tabellen inneholder ni utvalgte og beskrivende nøkkeltall for å gi en overordnet oversikt over kommuneøkonomien.<br><br>

Tabellen omfatter data for kommunekonsern. Data er hentet fra innrapporterte bevilgnings- og balanseregnskap fra kommuner og kommunale foretak (KF), interkommunale selskaper (IKS) og interkommunale samarbeider. Dataene fra IKS er fordelt på eierkommuner etter eierandeler hentet fra Foretaksregistret i Brønnøysund.<br><br>",,,,,,,
"Det er brudd i tidsserien for KOSTRA-gruppene mellom 2019 og 2020 når det gjelder inndelingen etter folkemengde, bundne kostnader og frie disponible inntekter. Se 
<a href = 'https://www.ssb.no/klass/klassifikasjoner/112/versjoner'>
kodelister for KOSTRA-gruppene i 2019 og 2020.</a>",,,,,,,
"For forklaringer av særskilte forhold i dataene, justeringer i publiserte tall, brudd i tidsserier og kommunesammenslåinger, se <a href='https://www.ssb.no/kostra/rettinger-i-tidligere-ars-publiserte-data'>Strukturelle forklaringer og rettelogg</a>.",,,,,,,
"<a href='https://www.ssb.no/offentlig-sektor/kommunekatalog/endringer-i-de-regionale-inndelingene' target='footnote'><b>Se liste over endringer i de regionale inndelingene.</b></a> <br><br>
<a href='https://www.ssb.no/statbank/hvordan-bruke-statistikkbanken/statistikkbanktabeller-med-sammenslatte-tidsserier' target='footnote'>Tabeller som bruker ny regioninndeling også for årene før 2024.</a>",,,,,,,
. = Ikke mulig å oppgi tall. Tall finnes ikke på dette tidspunktet fordi kategorien ikke var i bruk da tallene ble samlet inn.,,,,,,,
region:,,,,,,,
Stavanger:,,,,,,,
1.1.2020 ble kommunene 1141 Finnøy og 1142 Rennesøy innlemmet i 1103 Stavanger.,,,,,,,
,,,,,,,
region:,,,,,,,
Trondheim - Tråante:,,,,,,,
1.1.2020 ble kommunen 5030 Klæbu innlemmet i 5001 Trondheim.,,,,,,,
,,,,,,,
,,,,,,,
Sist endret:,,,,,,,
Netto driftresultat i prosent av brutto driftsinntekter (prosent):,,,,,,,
20250616 08:00,,,,,,,
,,,,,,,
Kilde:,,,,,,,
Statistisk sentralbyrå,,,,,,,
,,,,,,,
Kontakt:,,,,,,,
Netto driftresultat i prosent av brutto driftsinntekter (prosent):,,,,,,,
"Corretta Aluoch Arodi, Statistisk sentralbyrå",,,,,,,
 +47 40 90 26 56,,,,,,,
cos@ssb.no,,,,,,,
,,,,,,,
,,,,,,,
,,,,,,,
,,,,,,,
Måleenhet:,,,,,,,
Netto driftresultat i prosent av brutto driftsinntekter (prosent):,,,,,,,
prosent,,,,,,,
Målemetode:,,,,,,,
Netto driftresultat i prosent av brutto driftsinntekter (prosent):,,,,,,,
Forløp (periodesum),,,,,,,
,,,,,,,
Referansetid:,,,,,,,
Netto driftresultat i prosent av brutto driftsinntekter (prosent),,,,,,,
31.12,,,,,,,
,,,,,,,
,,,,,,,
,,,,,,,
,,,,,,,
,,,,,,,
Offisiell statistikk,,,,,,,
,,,,,,,
Database:,,,,,,,
Ekstern PRODUKSJON,,,,,,,
,,,,,,,
Intern referansekode:,,,,,,,
KOSAGD230000,,,,,,,
